# Syntetyczne dane MWD (do testów, nie z rzeczywistej wiertnicy)
# Zestaw: Wapień warstwowany (upad 25° na N, strzał prostopadle do upadu)
# PlanId: 0a6c1404455f; HoleId: 11; HoleName: 2.11
Depth_m;Time_s;PenetrationRate_m_min;FeedPressure_bar;PercussionPressure_bar;RotationPressure_bar;DamperPressure_bar;FlushPressure_bar;RotationSpeed_rpm;X;Y;Z
0;4.5;1.338;36;142.7;65.4;67;7.45;119;4.00;18.00;5.96
0.1;6.4;3.084;39.6;148.5;85.1;71.3;7.59;106;4.00;18.00;5.86
0.2;8.3;3.156;54;164.1;82;64.3;8.21;114;4.00;18.00;5.76
0.3;10;3.645;62.9;170;71.6;62.1;8.58;115;4.00;18.00;5.66
0.4;11.6;3.711;69.5;186.4;71.3;60.2;8.88;114;4.00;18.00;5.56
0.5;13.2;3.841;72.3;184.3;63.6;58.9;9.2;116;4.00;18.00;5.46
0.6;14.9;3.495;75.1;184.4;60.3;60;9.28;114;4.00;18.00;5.36
0.7;16.6;3.427;73.7;184.3;57.7;56.5;9.5;113;4.00;18.00;5.26
0.8;18.4;3.424;73.2;186.1;55.3;55.6;9.52;115;4.00;18.00;5.16
0.9;20.1;3.492;73.6;185.6;56.7;55.8;9.5;116;4.00;18.00;5.06
1;21.7;3.641;72.6;184.7;58.7;58.1;8.98;115;4.00;18.00;4.96
1.1;23.4;3.693;69.7;185.2;68.8;59.4;8.88;115;4.00;18.00;4.86
1.2;24.6;4.916;61.9;177;87.3;70.4;7.3;105;4.00;18.00;4.76
1.3;25.8;5.042;61.7;176.1;93.9;72.6;7.48;106;4.00;18.00;4.66
1.4;27.2;4.089;66.9;178.8;85.5;68.1;8.18;113;4.00;18.00;4.56
1.5;28.7;4.215;67.9;180.8;87.7;64.4;8.12;114;4.00;18.00;4.46
1.6;30.1;4.047;69;181;79.1;65.8;8.56;113;4.00;18.00;4.36
1.7;31.7;3.828;69.6;179.7;74.9;64.3;8.8;114;4.00;18.00;4.26
1.8;33.3;3.845;72.9;181.2;74.3;59.8;8.72;113;4.00;18.00;4.16
1.9;35;3.397;72.3;182.5;65.2;60.9;9.18;112;4.00;18.00;4.06
2;36.8;3.367;71.7;187.6;60.1;58.4;9.51;113;4.00;18.00;3.96
2.1;38.7;3.264;73.4;185.7;57.5;53.8;9.4;114;4.00;18.00;3.86
2.2;39.9;4.82;63.2;180.8;71.2;69.9;7.33;114;4.00;18.00;3.76
2.3;43.2;1.837;78.3;186.7;57.9;54.3;8.98;120;4.00;18.00;3.66
2.4;46.4;1.867;75.5;185.3;51.2;52.2;9.09;117;4.00;18.00;3.56
2.5;49.7;1.798;76.2;188.6;49.7;51.9;8.9;119;4.00;18.00;3.46
2.6;53;1.85;76.5;188.1;49.5;52.4;8.99;120;4.00;18.00;3.36
2.7;56.2;1.837;76.3;186;49.2;52.5;8.85;120;4.00;18.00;3.26
2.8;59.4;1.906;75.7;188.9;47.9;54.9;8.87;118;4.00;18.00;3.16
2.9;62.6;1.885;76.6;189;47.6;53.6;9.18;119;4.00;18.00;3.06
3;66;1.754;78.4;186.2;48.1;53.2;9.03;116;4.00;18.00;2.96
3.1;68.3;2.598;64.5;178.4;63.7;71.5;6.95;117;4.00;18.00;2.86
3.2;72.1;1.593;78.5;189;54.4;54.1;8.92;117;4.00;18.00;2.76
3.3;75.6;1.695;78.3;187.6;51;54.3;8.81;119;4.00;18.00;2.66
3.4;79.2;1.679;76.3;190;49.6;53.1;9.25;117;4.00;18.00;2.56
3.5;82.7;1.702;77.4;184.5;49;53.6;8.78;119;4.00;18.00;2.46
3.6;86.3;1.65;77;189.5;49.8;52.3;8.88;118;4.00;18.00;2.36
3.7;89.9;1.682;75.2;187.8;49.2;54.5;8.95;118;4.00;18.00;2.26
3.8;93.7;1.583;75.1;187.7;49.2;54.9;9.11;117;4.00;18.00;2.16
3.9;97.3;1.649;78.8;184.7;49.3;53.5;8.86;117;4.00;18.00;2.06
4;101.2;1.566;77.4;186.9;50.2;54.9;9.16;118;4.00;18.00;1.96
4.1;104.9;1.591;75.3;184.6;49.7;52.7;9.19;118;4.00;18.00;1.86
4.2;108.6;1.659;78.2;186.8;49.8;52.3;8.89;117;4.00;18.00;1.76
4.3;112.1;1.691;75.1;188.5;49.3;53.9;9.14;119;4.00;18.00;1.66
4.4;115.8;1.606;75.7;189.7;50.1;53.6;9.14;118;4.00;18.00;1.56
4.5;119.5;1.638;78.6;189.3;49.9;52.8;8.89;117;4.00;18.00;1.46
4.6;123.3;1.569;78.2;190.1;50;52.8;8.89;116;4.00;18.00;1.36
4.7;127.1;1.591;77.7;184.6;49.1;54.9;9.05;116;4.00;18.00;1.26
4.8;130.7;1.667;76.4;188.8;49.6;52.7;9.24;118;4.00;18.00;1.16
4.9;134.3;1.642;78.2;190.1;49.4;52.9;9.02;118;4.00;18.00;1.06
5;137.9;1.694;78.5;189.7;49.1;51.4;8.78;117;4.00;18.00;0.96
5.1;140.1;2.771;64.3;180.2;70.7;70.1;6.71;118;4.00;18.00;0.86
5.2;143.3;1.82;76.1;190.3;56.5;54.9;8.85;119;4.00;18.00;0.76
5.3;146.6;1.833;77.4;187.9;51.3;55.2;9.17;119;4.00;18.00;0.66
5.4;150.1;1.717;75.9;187.7;49.4;51.7;8.85;119;4.00;18.00;0.56
5.5;153.4;1.806;77.2;184.4;48.5;55.1;8.92;117;4.00;18.00;0.46
5.6;156.7;1.829;77;189.2;48.9;55.3;8.9;119;4.00;18.00;0.36
5.7;160.1;1.788;76.8;189.7;48;55.2;9.1;118;4.00;18.00;0.26
5.8;162.1;2.955;62.1;177;66.3;72.1;6.6;116;4.00;18.00;0.16
5.9;164.1;3.029;64;180.2;82.1;72.7;6.86;110;4.00;18.00;0.06
6;167.4;1.833;75.8;188.3;61.9;52.1;8.88;118;4.00;18.00;-0.04
6.1;170.4;1.942;77.4;186.1;52.8;52.9;9.24;120;4.00;18.00;-0.14
6.2;173.6;1.932;76.1;188.2;48.8;51.9;8.84;118;4.00;18.00;-0.24
6.3;176.9;1.807;78.5;185.3;47.4;52.8;9.02;117;4.00;18.00;-0.34
6.4;180.1;1.878;75.2;184.3;46.9;54.1;9.19;119;4.00;18.00;-0.44
6.5;182;3.05;61.4;178.1;71.8;72.3;6.58;117;4.00;18.00;-0.54
6.6;184.1;2.924;61;175.6;73.2;70;6.99;118;4.00;18.00;-0.64
6.7;187.4;1.832;74.9;188.5;57.2;52.4;9;120;4.00;18.00;-0.74
6.8;190.5;1.885;76;186.4;52.1;54.5;9.08;117;4.00;18.00;-0.84
6.9;193.9;1.814;77.4;187.7;49.7;54.8;9.14;119;4.00;18.00;-0.94
7;197;1.938;76.5;187.9;48.8;52.6;9.03;116;4.00;18.00;-1.04
7.1;200;1.943;76.1;186.8;49;52.8;9.1;119;4.00;18.00;-1.14
7.2;203.2;1.914;76.3;188.4;47.8;51.9;9.16;119;4.00;18.00;-1.24
7.3;206.4;1.836;77.1;188.8;47.9;52.3;9.26;119;4.00;18.00;-1.34
7.4;209.8;1.782;76.2;185.5;47.7;54.2;9.03;118;4.00;18.00;-1.44
7.5;213;1.874;77.5;184.7;48.1;54.8;9.03;120;4.00;18.00;-1.54
7.6;215;3.078;61.2;179.4;77.8;70;6.57;112;4.00;18.00;-1.64
7.7;218.3;1.779;76.8;187.4;60.8;52.1;9;117;4.00;18.00;-1.74
7.8;221.7;1.757;78.2;184.5;53.2;52.3;9.15;119;4.00;18.00;-1.84
7.9;225.3;1.688;78.5;185.2;51.3;53.1;9.13;118;4.00;18.00;-1.94
8;228.6;1.821;78.5;189.3;49.6;55.2;8.78;119;4.00;18.00;-2.04
8.1;232.1;1.736;76.7;188.7;49.7;55.1;9.13;120;4.00;18.00;-2.14
8.2;235.4;1.782;76.5;184.8;48.8;51.8;8.81;120;4.00;18.00;-2.24
8.3;238.9;1.72;77.8;187.1;48.5;51.7;8.81;118;4.00;18.00;-2.34
8.4;242.4;1.701;77.3;190;49.3;52.1;9.04;119;4.00;18.00;-2.44
8.5;245.8;1.78;76.9;186.6;48;51.7;8.88;118;4.00;18.00;-2.54
8.6;249.1;1.803;77.6;188.9;48;52.2;9.23;119;4.00;18.00;-2.64
8.7;252.7;1.669;77.6;185;48.1;51.5;9;118;4.00;18.00;-2.74
8.8;256.1;1.766;77.9;188.8;49.1;51.5;8.91;118;4.00;18.00;-2.84
8.9;259.6;1.747;78.6;187.1;48.1;52.4;9.26;117;4.00;18.00;-2.94
9;263;1.747;75.1;186.5;47.7;51.9;9.21;116;4.00;18.00;-3.04
9.1;266.5;1.706;75.1;187.2;48.4;54.2;9.09;118;4.00;18.00;-3.14
9.2;270.1;1.67;76.8;187.7;47.7;54.2;9.25;120;4.00;18.00;-3.24
9.3;273.5;1.789;78.4;185.3;48.9;54.2;9.09;119;4.00;18.00;-3.34
9.4;277.1;1.665;75;185.1;49.5;53.5;8.89;119;4.00;18.00;-3.44
9.5;279.2;2.84;64.3;177.6;61.3;73;6.88;119;4.00;18.00;-3.54
9.6;281;3.235;61.5;179;73.5;73.3;6.53;117;4.00;18.00;-3.64
9.7;283.8;2.146;78.2;187.5;57.6;53.1;8.9;119;4.00;18.00;-3.74
9.8;286.6;2.134;76;188.5;52.2;57.4;8.68;118;4.00;18.00;-3.84
9.9;289.2;2.317;71.4;185.2;52.7;58.8;8.24;119;4.00;18.00;-3.94
10;291.6;2.527;70.5;183.9;61.5;63.6;7.96;117;4.00;18.00;-4.04
10.1;293.7;2.905;66.6;181.3;64.6;63.9;7.43;116;4.00;18.00;-4.14
10.2;295.6;3.085;66.2;180.2;74.8;67.9;7.38;118;4.00;18.00;-4.24
10.3;297.4;3.395;64.2;178.1;73.8;71.4;7.08;116;4.00;18.00;-4.34
10.4;299;3.64;62.5;177.3;76.1;74.5;6.79;119;4.00;18.00;-4.44
10.5;300.7;3.634;57.8;176.4;85.8;74.3;6.2;111;4.00;18.00;-4.54
10.6;302.5;3.314;63;176.7;79.1;72.8;6.52;119;4.00;18.00;-4.64
10.7;304.3;3.314;62.2;181.1;79.4;69.5;7.01;118;4.00;18.00;-4.74
10.8;306.2;3.085;64.2;183.2;81.7;67.1;7.45;119;4.00;18.00;-4.84
10.9;308.4;2.835;67.9;183.9;77.5;65;7.63;119;4.00;18.00;-4.94
11;310.6;2.624;71.7;180.6;72.3;60.6;7.85;118;4.00;18.00;-5.04
11.1;313.2;2.334;73.6;187.4;61.3;59.3;8.46;116;4.00;18.00;-5.14
11.2;316;2.127;74.8;187.6;54.8;57.4;8.44;118;4.00;18.00;-5.24
11.3;317.8;3.321;62.1;177;62.9;73.4;6.88;118;4.00;18.00;-5.34
11.4;319.8;3.139;63;178.6;77.5;70.7;6.77;116;4.00;18.00;-5.44
11.5;322.9;1.909;75.9;187.1;59.6;52.6;8.96;120;4.00;18.00;-5.54
11.6;325.8;2.092;76.2;186.9;52.1;52.1;9.13;117;4.00;18.00;-5.64
11.7;328.7;2.014;76.7;187.4;49;51.4;8.92;117;4.00;18.00;-5.74
11.8;331.7;2.056;76.7;187.4;48;53.7;8.92;116;4.00;18.00;-5.84
11.9;334.6;2.013;75.3;188.2;47.6;51.7;8.91;118;4.00;18.00;-5.94
12;337.7;1.977;76.1;189.5;46.8;51.6;8.98;117;4.00;18.00;-6.04
